node_id,subject,source_id,link,question_images,solution_images,has_solution_text,match_reason
CN_2009_001,计算机网络,VISUAL_PENDING,obsidian://open?vault=kaoyan-408-details&file=cards%2FCN_2009_001,1,1,no,正式ID标题匹配：CN_2009_001
CN_2009_002,计算机网络,HCN_0030,obsidian://open?vault=kaoyan-408-details&file=cards%2FCN_2009_002,1,1,yes,OO3 定位标记匹配：2.1.4（18）；路径：408 > 计算机网络 > 计算机网络 > 第二章物理层 > 2.1通信基础 > 信道的极限容量 🌐 > 2.1.4（18）
CN_2009_003,计算机网络,EXAM408-2009-Q35,obsidian://open?vault=kaoyan-408-details&file=cards%2FCN_2009_003,1,1,yes,规范真题 EXAM408-2009-Q35 exact source；王道别名 WD-CN03-34-MCQ-22
CN_2010_001,计算机网络,HCN_0020,obsidian://open?vault=kaoyan-408-details&file=cards%2FCN_2010_001,1,1,yes,正式ID标题匹配：CN_2010_001
CN_2012_001,计算机网络,EXAM408-2012-Q36,obsidian://open?vault=kaoyan-408-details&file=cards%2FCN_2012_001,1,1,yes,BATCH-007 visual exact / canonical EXAM408-2012-Q36 / byte_exact
CN_2013_001,计算机网络,HCN_0065,obsidian://open?vault=kaoyan-408-details&file=cards%2FCN_2013_001,1,1,yes,定位标记标题匹配：3.3.3（07）
CN_2014_001,计算机网络,HCN_0040,obsidian://open?vault=kaoyan-408-details&file=cards%2FCN_2014_001,1,1,yes,正式ID标题匹配：CN_2014_001
CN_2014_002,计算机网络,EXAM408-2014-Q36,obsidian://open?vault=kaoyan-408-details&file=cards%2FCN_2014_002,1,1,yes,BATCH-012 visual exact / canonical EXAM408-2014-Q36
CN_2015_001,计算机网络,VISUAL_PENDING,obsidian://open?vault=kaoyan-408-details&file=cards%2FCN_2015_001,1,1,no,正式ID标题匹配：CN_2015_001
CN_2016_001,计算机网络,VISUAL_PENDING,obsidian://open?vault=kaoyan-408-details&file=cards%2FCN_2016_001,1,1,no,正式ID标题匹配：CN_2016_001
CN_2020_001,计算机网络,VISUAL_PENDING,obsidian://open?vault=kaoyan-408-details&file=cards%2FCN_2020_001,1,1,no,正式ID标题匹配：CN_2020_001
CN_2023_001,计算机网络,HCN_0021,obsidian://open?vault=kaoyan-408-details&file=cards%2FCN_2023_001,1,1,yes,正式ID标题匹配：CN_2023_001
CN_2024_001,计算机网络,VISUAL_PENDING,obsidian://open?vault=kaoyan-408-details&file=cards%2FCN_2024_001,1,1,no,正式ID标题匹配：CN_2024_001
CN_2024_002,计算机网络,VISUAL_PENDING,obsidian://open?vault=kaoyan-408-details&file=cards%2FCN_2024_002,1,1,yes,正式ID标题匹配：CN_2024_002；题图可读；2026-07-03 已从本地 2024 年解析 PDF 恢复独立解析图
CN_UNK_001,计算机网络,HCN_0001,obsidian://open?vault=kaoyan-408-details&file=cards%2FCN_UNK_001,1,1,yes,定位标记标题匹配：1.2.4（11）
CN_UNK_002,计算机网络,HCN_0002,obsidian://open?vault=kaoyan-408-details&file=cards%2FCN_UNK_002,1,1,yes,定位标记标题匹配：1.2.4（13）
CN_UNK_003,计算机网络,HCN_0003,obsidian://open?vault=kaoyan-408-details&file=cards%2FCN_UNK_003,1,1,yes,定位标记标题匹配：1.2.4（14）
CN_UNK_004,计算机网络,HCN_0004,obsidian://open?vault=kaoyan-408-details&file=cards%2FCN_UNK_004,1,1,yes,定位标记标题匹配：1.2.4（17）
CN_UNK_005,计算机网络,HCN_0005,obsidian://open?vault=kaoyan-408-details&file=cards%2FCN_UNK_005,1,1,yes,正式ID标题匹配：CN_UNK_005
CN_UNK_006,计算机网络,HCN_0006,obsidian://open?vault=kaoyan-408-details&file=cards%2FCN_UNK_006,1,1,yes,定位标记标题匹配：1.2.7（20）
CN_UNK_007,计算机网络,HCN_0007,obsidian://open?vault=kaoyan-408-details&file=cards%2FCN_UNK_007,1,1,yes,定位标记标题匹配：1.2.7（22）
CN_UNK_008,计算机网络,HCN_0008,obsidian://open?vault=kaoyan-408-details&file=cards%2FCN_UNK_008,1,2,yes,正式ID标题匹配：CN_UNK_008
CN_UNK_009,计算机网络,HCN_0009,obsidian://open?vault=kaoyan-408-details&file=cards%2FCN_UNK_009,1,1,yes,定位标记标题匹配：1.2.7（28）
CN_UNK_010,计算机网络,HCN_0010,obsidian://open?vault=kaoyan-408-details&file=cards%2FCN_UNK_010,1,1,yes,正式ID标题匹配：CN_UNK_010
CN_UNK_011,计算机网络,HCN_0011,obsidian://open?vault=kaoyan-408-details&file=cards%2FCN_UNK_011,1,1,yes,定位标记标题匹配：1.2.4（27）
CN_UNK_012,计算机网络,HCN_0012,obsidian://open?vault=kaoyan-408-details&file=cards%2FCN_UNK_012,1,1,yes,定位标记标题匹配：1.1.7（08）
CN_UNK_013,计算机网络,HCN_0013,obsidian://open?vault=kaoyan-408-details&file=cards%2FCN_UNK_013,1,1,yes,定位标记标题匹配：1.2.4（06）
CN_UNK_014,计算机网络,HCN_0014,obsidian://open?vault=kaoyan-408-details&file=cards%2FCN_UNK_014,1,1,yes,定位标记标题匹配：1.2.4（25）
CN_UNK_015,计算机网络,HCN_0015,obsidian://open?vault=kaoyan-408-details&file=cards%2FCN_UNK_015,1,1,yes,定位标记标题匹配：1.1.7（03）
CN_UNK_016,计算机网络,HCN_0016,obsidian://open?vault=kaoyan-408-details&file=cards%2FCN_UNK_016,1,1,yes,定位标记标题匹配：1.1.7（10）
CN_UNK_017,计算机网络,HCN_0017,obsidian://open?vault=kaoyan-408-details&file=cards%2FCN_UNK_017,1,1,yes,定位标记标题匹配：1.1.7（11）
CN_UNK_018,计算机网络,HCN_0018,obsidian://open?vault=kaoyan-408-details&file=cards%2FCN_UNK_018,1,1,yes,定位标记标题匹配：1.1.7（12）
CN_UNK_019,计算机网络,HCN_0019,obsidian://open?vault=kaoyan-408-details&file=cards%2FCN_UNK_019,1,1,yes,定位标记标题匹配：1.1.7（13）
CN_UNK_022,计算机网络,HCN_0022,obsidian://open?vault=kaoyan-408-details&file=cards%2FCN_UNK_022,1,1,yes,定位标记标题匹配：1.1.7（04）
CN_UNK_023,计算机网络,HCN_0023,obsidian://open?vault=kaoyan-408-details&file=cards%2FCN_UNK_023,1,1,yes,定位标记标题匹配：2.2.3（03）
CN_UNK_024,计算机网络,HCN_0024,obsidian://open?vault=kaoyan-408-details&file=cards%2FCN_UNK_024,1,1,yes,定位标记标题匹配：2.2.3（04）
CN_UNK_025,计算机网络,HCN_0025,obsidian://open?vault=kaoyan-408-details&file=cards%2FCN_UNK_025,1,1,yes,定位标记标题匹配：2.2.3（07）
CN_UNK_026,计算机网络,HCN_0026,obsidian://open?vault=kaoyan-408-details&file=cards%2FCN_UNK_026,1,1,yes,定位标记标题匹配：2.2.3（11）
CN_UNK_027,计算机网络,HCN_0027,obsidian://open?vault=kaoyan-408-details&file=cards%2FCN_UNK_027,1,1,yes,定位标记标题匹配：2.1.4（11）
CN_UNK_028,计算机网络,HCN_0028,obsidian://open?vault=kaoyan-408-details&file=cards%2FCN_UNK_028,1,1,yes,定位标记标题匹配：2.1.4（12）
CN_UNK_029,计算机网络,HCN_0029,obsidian://open?vault=kaoyan-408-details&file=cards%2FCN_UNK_029,1,1,yes,定位标记标题匹配：2.1.4（14）
CN_UNK_031,计算机网络,HCN_0031,obsidian://open?vault=kaoyan-408-details&file=cards%2FCN_UNK_031,1,1,yes,定位标记标题匹配：2.1.4（19）
CN_UNK_032,计算机网络,HCN_0032,obsidian://open?vault=kaoyan-408-details&file=cards%2FCN_UNK_032,1,1,yes,定位标记标题匹配：2.3.3（06）
CN_UNK_033,计算机网络,HCN_0033,obsidian://open?vault=kaoyan-408-details&file=cards%2FCN_UNK_033,1,1,yes,定位标记标题匹配：2.3.3（07）
CN_UNK_034,计算机网络,HCN_0034,obsidian://open?vault=kaoyan-408-details&file=cards%2FCN_UNK_034,1,1,yes,定位标记标题匹配：2.3.3（08）
CN_UNK_035,计算机网络,HCN_0035,obsidian://open?vault=kaoyan-408-details&file=cards%2FCN_UNK_035,1,2,yes,定位标记标题匹配：2.3.3（09）
CN_UNK_036,计算机网络,HCN_0036,obsidian://open?vault=kaoyan-408-details&file=cards%2FCN_UNK_036,1,1,yes,定位标记标题匹配：2.1.4（01）
CN_UNK_037,计算机网络,HCN_0037,obsidian://open?vault=kaoyan-408-details&file=cards%2FCN_UNK_037,1,1,yes,定位标记标题匹配：2.1.4(07)
CN_UNK_038,计算机网络,HCN_0038,obsidian://open?vault=kaoyan-408-details&file=cards%2FCN_UNK_038,1,1,yes,定位标记标题匹配：2.1.4（09）
CN_UNK_039,计算机网络,HCN_0039,obsidian://open?vault=kaoyan-408-details&file=cards%2FCN_UNK_039,1,1,yes,定位标记标题匹配：2.1.4（10）
CN_UNK_041,计算机网络,HCN_0041,obsidian://open?vault=kaoyan-408-details&file=cards%2FCN_UNK_041,1,1,yes,定位标记标题匹配：3.1.6(1)
CN_UNK_042,计算机网络,HCN_0042,obsidian://open?vault=kaoyan-408-details&file=cards%2FCN_UNK_042,1,1,yes,定位标记标题匹配：3.1.6（03）
CN_UNK_043,计算机网络,HCN_0043,obsidian://open?vault=kaoyan-408-details&file=cards%2FCN_UNK_043,1,2,yes,定位标记标题匹配：3.1.6（04）
CN_UNK_044,计算机网络,HCN_0044,obsidian://open?vault=kaoyan-408-details&file=cards%2FCN_UNK_044,1,1,yes,定位标记标题匹配：3.1.6（06）
CN_UNK_045,计算机网络,HCN_0045,obsidian://open?vault=kaoyan-408-details&file=cards%2FCN_UNK_045,1,1,yes,定位标记标题匹配：3.8.3（17）
CN_UNK_046,计算机网络,HCN_0046,obsidian://open?vault=kaoyan-408-details&file=cards%2FCN_UNK_046,1,1,yes,完整核心考点正文匹配：CSMA/CD 最短帧长与传播距离
CN_UNK_047,计算机网络,HCN_0047,obsidian://open?vault=kaoyan-408-details&file=cards%2FCN_UNK_047,1,1,yes,OO3 定位标记匹配：3.5.4（40）；路径：408 > 计算机网络 > 计算机网络 > 第三章数据链路层 > 3.5介质访问控制（MA C协议） > 3.5.2随机访问介质访问控制 > CSMA/CD 协议 > 3.5.4（40）
CN_UNK_048,计算机网络,HCN_0048,obsidian://open?vault=kaoyan-408-details&file=cards%2FCN_UNK_048,1,1,yes,完整核心考点正文匹配：MAC 协议与确认机制；2026-07-03 已从本地 2011 解析 PDF 恢复独立解析图（PDF 内部题号与当前题图题号不一致，按主题 QA 确认）
CN_UNK_049,计算机网络,HCN_0049,obsidian://open?vault=kaoyan-408-details&file=cards%2FCN_UNK_049,1,1,yes,定位标记标题匹配：3.6.5（24）
CN_UNK_050,计算机网络,HCN_0050,obsidian://open?vault=kaoyan-408-details&file=cards%2FCN_UNK_050,1,1,yes,定位标记标题匹配：3.4.3（02）
CN_UNK_051,计算机网络,HCN_0051,obsidian://open?vault=kaoyan-408-details&file=cards%2FCN_UNK_051,1,1,yes,定位标记标题匹配：3.4.3（03）
CN_UNK_052,计算机网络,HCN_0052,obsidian://open?vault=kaoyan-408-details&file=cards%2FCN_UNK_052,1,1,yes,定位标记标题匹配：3.4.3（08）
CN_UNK_053,计算机网络,HCN_0053,obsidian://open?vault=kaoyan-408-details&file=cards%2FCN_UNK_053,1,1,yes,定位标记标题匹配：3.4.3（09）
CN_UNK_054,计算机网络,HCN_0054,obsidian://open?vault=kaoyan-408-details&file=cards%2FCN_UNK_054,1,2,yes,定位标记标题匹配：3.4.3（29）
CN_UNK_055,计算机网络,HCN_0055,obsidian://open?vault=kaoyan-408-details&file=cards%2FCN_UNK_055,1,1,yes,定位标记标题匹配：3.3.3(05)
CN_UNK_056,计算机网络,HCN_0056,obsidian://open?vault=kaoyan-408-details&file=cards%2FCN_UNK_056,1,1,yes,定位标记标题匹配：3.3.3（06）
CN_UNK_057,计算机网络,HCN_0057,obsidian://open?vault=kaoyan-408-details&file=cards%2FCN_UNK_057,1,1,yes,定位标记标题匹配：3.4.3（13）
CN_UNK_058,计算机网络,HCN_0058,obsidian://open?vault=kaoyan-408-details&file=cards%2FCN_UNK_058,1,1,yes,定位标记标题匹配：3.4.3（23）
CN_UNK_059,计算机网络,HCN_0059,obsidian://open?vault=kaoyan-408-details&file=cards%2FCN_UNK_059,1,1,yes,定位标记标题匹配：3.4.3（31）
CN_UNK_060,计算机网络,HCN_0060,obsidian://open?vault=kaoyan-408-details&file=cards%2FCN_UNK_060,1,1,yes,定位标记标题匹配：4.1（19）
CN_UNK_061,计算机网络,HCN_0061,obsidian://open?vault=kaoyan-408-details&file=cards%2FCN_UNK_061,1,1,yes,定位标记标题匹配：4.1（20）
CN_UNK_062,计算机网络,HCN_0062,obsidian://open?vault=kaoyan-408-details&file=cards%2FCN_UNK_062,1,1,yes,定位标记标题匹配：4.1（21）
CN_UNK_063,计算机网络,HCN_0063,obsidian://open?vault=kaoyan-408-details&file=cards%2FCN_UNK_063,1,2,yes,定位标记标题匹配：4.2.64
CN_UNK_064,计算机网络,HCN_0064,obsidian://open?vault=kaoyan-408-details&file=cards%2FCN_UNK_064,1,1,yes,完整核心考点正文匹配：网络地址判断题解析（掩码 255.255.192.0 = /18）
CO_2009_001,计算机组成原理,VISUAL_PENDING,obsidian://open?vault=kaoyan-408-details&file=cards%2FCO_2009_001,1,2,yes,正式ID标题匹配：CO_2009_001
CO_2009_002,计算机组成原理,EXAM408-2009-Q15,obsidian://open?vault=kaoyan-408-details&file=cards%2FCO_2009_002,1,1,no,formal-node-crosswalk exact / machine_exact；旧章节语料别名 CO03-Q066
CO_2009_003,计算机组成原理,CO03-Q116,obsidian://open?vault=kaoyan-408-details&file=cards%2FCO_2009_003,1,1,no,本次 Codex 入库附件转入详情库；语料库候选 CO03-Q116 同题
CO_2010_001,计算机组成原理,VISUAL_PENDING,obsidian://open?vault=kaoyan-408-details&file=cards%2FCO_2010_001,1,1,yes,正式ID标题匹配：CO_2010_001
CO_2010_002,计算机组成原理,VISUAL_PENDING,obsidian://open?vault=kaoyan-408-details&file=cards%2FCO_2010_002,1,1,no,CO03 存储系统语料明确匹配正式节点 CO_2010_002；2026-07-02 从 corpus/CO03-存储系统/CO03-Q042 恢复题图与解析图。
CO_2010_003,计算机组成原理,EXAM408-2010-Q15,obsidian://open?vault=kaoyan-408-details&file=cards%2FCO_2010_003,1,1,no,formal-node-crosswalk exact / machine_exact；旧章节语料别名 CO03-Q067
CO_2010_004,计算机组成原理,CO03-Q143,obsidian://open?vault=kaoyan-408-details&file=cards%2FCO_2010_004,1,1,no,本次 Codex 入库附件转入详情库；语料库候选 CO03-Q143 同题
CO_2011_001,计算机组成原理,VISUAL_PENDING,obsidian://open?vault=kaoyan-408-details&file=cards%2FCO_2011_001,1,1,yes,正式ID标题匹配：CO_2011_001
CO_2011_002,计算机组成原理,EXAM408-2011-Q15,obsidian://open?vault=kaoyan-408-details&file=cards%2FCO_2011_002,1,1,no,formal-node-crosswalk exact / machine_exact；旧章节语料别名 CO03-Q068
CO_2012_001,计算机组成原理,HCO_0063,obsidian://open?vault=kaoyan-408-details&file=cards%2FCO_2012_001,1,1,yes,正式ID标题匹配：CO_2012_001
CO_2012_002,计算机组成原理,VISUAL_PENDING,obsidian://open?vault=kaoyan-408-details&file=cards%2FCO_2012_002,1,1,yes,正式ID标题匹配：CO_2012_002
CO_2012_003,计算机组成原理,VISUAL_PENDING,obsidian://open?vault=kaoyan-408-details&file=cards%2FCO_2012_003,1,1,no,正式ID标题匹配：CO_2012_003
CO_2012_004,计算机组成原理,VISUAL_PENDING,obsidian://open?vault=kaoyan-408-details&file=cards%2FCO_2012_004,1,1,yes,正式ID标题匹配：CO_2012_004
CO_2012_005,计算机组成原理,VISUAL_PENDING,obsidian://open?vault=kaoyan-408-details&file=cards%2FCO_2012_005,1,1,no,正式ID标题匹配：CO_2012_005
CO_2012_006,计算机组成原理,CO03-Q117,obsidian://open?vault=kaoyan-408-details&file=cards%2FCO_2012_006,1,1,no,本次 Codex 入库附件转入详情库；语料库候选 CO03-Q117 同题
CO_2013_001,操作系统,HCO_0069,obsidian://open?vault=kaoyan-408-details&file=cards%2FCO_2013_001,1,1,yes,正式ID标题匹配：CO_2013_001
CO_2013_002,计算机组成原理,HCO_0080,obsidian://open?vault=kaoyan-408-details&file=cards%2FCO_2013_002,1,1,no,2026-07-02 直接查看确认解析截图题面与 CO_UNK_013 文字卡题图一致；已复制文字卡替代题图并保留同主题解析截图；原题扫描图仍待补，来源链冲突不与 CO_UNK_013 自动合并。
CO_2013_003,计算机组成原理,VISUAL_PENDING,obsidian://open?vault=kaoyan-408-details&file=cards%2FCO_2013_003,1,1,yes,正式ID标题匹配：CO_2013_003
CO_2013_004,计算机组成原理,VISUAL_PENDING,obsidian://open?vault=kaoyan-408-details&file=cards%2FCO_2013_004,1,1,no,正式ID标题匹配：CO_2013_004
CO_2013_005,计算机组成原理,VISUAL_PENDING,obsidian://open?vault=kaoyan-408-details&file=cards%2FCO_2013_005,1,1,no,本次 Codex 入库附件转入详情库；语料库候选 CO03-Q083 同题
CO_2013_006,计算机组成原理,CO03-Q084,obsidian://open?vault=kaoyan-408-details&file=cards%2FCO_2013_006,1,1,no,本次 Codex 入库附件转入详情库；语料库候选 CO03-Q084 同题
CO_2014_001,计算机组成原理,VISUAL_PENDING,obsidian://open?vault=kaoyan-408-details&file=cards%2FCO_2014_001,1,1,no,正式ID标题匹配：CO_2014_001
CO_2015_001,计算机组成原理,VISUAL_PENDING,obsidian://open?vault=kaoyan-408-details&file=cards%2FCO_2015_001,1,1,yes,正式ID标题匹配：CO_2015_001；题图可读；2026-07-03 已从本地解析 PDF 恢复独立解析图
CO_2015_002,计算机组成原理,VISUAL_PENDING,obsidian://open?vault=kaoyan-408-details&file=cards%2FCO_2015_002,1,1,no,正式ID标题匹配：CO_2015_002
CO_2015_003,计算机组成原理,VISUAL_PENDING,obsidian://open?vault=kaoyan-408-details&file=cards%2FCO_2015_003,1,1,yes,正式ID标题匹配：CO_2015_003
CO_2015_004,计算机组成原理,VISUAL_PENDING,obsidian://open?vault=kaoyan-408-details&file=cards%2FCO_2015_004,1,1,no,正式ID标题匹配：CO_2015_004
CO_2015_005,计算机组成原理,VISUAL_PENDING,obsidian://open?vault=kaoyan-408-details&file=cards%2FCO_2015_005,1,1,no,正式ID标题匹配：CO_2015_005
CO_2015_006,计算机组成原理,EXAM408-2015-Q20,obsidian://open?vault=kaoyan-408-details&file=cards%2FCO_2015_006,1,1,no,formal-node-crosswalk exact / machine_exact；旧章节语料别名 CO03-Q085 / 3.4.3（11）
CO_2015_007,计算机组成原理,EXAM408-2015-Q16,obsidian://open?vault=kaoyan-408-details&file=cards%2FCO_2015_007,1,1,no,formal-node-crosswalk exact / machine_exact；旧章节语料别名 CO03-Q145 / 3.6.6（17）
CO_2015_008,计算机组成原理,EXAM408-2015-Q15,obsidian://open?vault=kaoyan-408-details&file=cards%2FCO_2015_008,1,1,no,formal-node-crosswalk exact / machine_exact；旧章节语料别名 CO03-Q146 / 3.6.6（18）
CO_2016_001,计算机组成原理,HCO_0062,obsidian://open?vault=kaoyan-408-details&file=cards%2FCO_2016_001,1,1,yes,OO3 定位标记匹配：7.2.5 （14）；路径：408 > 计算机组成原理 > 2.计算机组成原理 > 第七章 输入输出设备 > I/O接口 > I/O 接口的作用 > 7.2.5 （14）
CO_2016_002,计算机组成原理,HCO_0083,obsidian://open?vault=kaoyan-408-details&file=cards%2FCO_2016_002,1,1,yes,题图保留；原错绑解析图已隔离；2026-07-03 已从本地解析 PDF 恢复独立解析图
CO_2016_003,计算机组成原理,VISUAL_PENDING,obsidian://open?vault=kaoyan-408-details&file=cards%2FCO_2016_003,1,1,yes,正式ID标题匹配：CO_2016_003；题图可读；2026-07-03 已从本地解析 PDF 恢复独立解析图
CO_2016_005,计算机组成原理,EXAM408-2016-Q15,obsidian://open?vault=kaoyan-408-details&file=cards%2FCO_2016_005,1,1,no,formal-node-crosswalk exact / machine_exact；旧章节语料别名 CO03-Q118 / 3.5.6（31）
CO_2017_001,计算机组成原理,VISUAL_PENDING,obsidian://open?vault=kaoyan-408-details&file=cards%2FCO_2017_001,1,2,no,正式ID标题匹配：CO_2017_001
CO_2018_001,计算机组成原理,VISUAL_PENDING,obsidian://open?vault=kaoyan-408-details&file=cards%2FCO_2018_001,1,2,yes,正式ID标题匹配：CO_2018_001
CO_2018_002,计算机组成原理,VISUAL_PENDING,obsidian://open?vault=kaoyan-408-details&file=cards%2FCO_2018_002,1,1,yes,正式ID标题匹配：CO_2018_002；2026-07-03 已从本地解析 PDF 恢复独立解析图
CO_2018_003,计算机组成原理,VISUAL_PENDING,obsidian://open?vault=kaoyan-408-details&file=cards%2FCO_2018_003,1,1,yes,正式ID标题匹配：CO_2018_003
CO_2018_004,计算机组成原理,VISUAL_PENDING,obsidian://open?vault=kaoyan-408-details&file=cards%2FCO_2018_004,1,1,yes,正式ID标题匹配：CO_2018_004；2026-07-03 已从本地解析 PDF 恢复独立解析图
CO_2018_005,计算机组成原理,VISUAL_PENDING,obsidian://open?vault=kaoyan-408-details&file=cards%2FCO_2018_005,1,1,no,正式ID标题匹配：CO_2018_005
CO_2019_001,计算机组成原理,HCO_0077,obsidian://open?vault=kaoyan-408-details&file=cards%2FCO_2019_001,1,1,yes,正式ID标题匹配：CO_2019_001；2026-07-03 已生成解析文字渲染兜底图；原始解析截图可选替换
CO_2019_002,计算机组成原理,VISUAL_PENDING,obsidian://open?vault=kaoyan-408-details&file=cards%2FCO_2019_002,1,1,yes,正式ID标题匹配：CO_2019_002
CO_2019_003,计算机组成原理,EXAM408-2019-Q20,obsidian://open?vault=kaoyan-408-details&file=cards%2FCO_2019_003,1,1,no,formal-node-crosswalk exact / machine_exact；旧章节语料别名 CO03-Q086
CO_2020_001,计算机组成原理,VISUAL_PENDING,obsidian://open?vault=kaoyan-408-details&file=cards%2FCO_2020_001,1,1,no,2026-07-03 批量 K 从 CO_2021_001 错绑详情图转正；机器字长主题匹配
CO_2021_001,计算机组成原理,VISUAL_PENDING,obsidian://open?vault=kaoyan-408-details&file=cards%2FCO_2021_001,1,1,no,2026-07-03 从本地 2021 真题 PDF 第 2 页和解析 PDF 第 3 页恢复题图/解析图；旧 MarginNote/Word 精确节点为 CO_2020_001 错绑证据
CO_2021_002,计算机组成原理,EXAM408-2021-Q16,obsidian://open?vault=kaoyan-408-details&file=cards%2FCO_2021_002,1,1,no,formal-node-crosswalk exact / machine_exact；旧章节语料别名 CO03-Q120
CO_2022_001,计算机组成原理,HCO_0071,obsidian://open?vault=kaoyan-408-details&file=cards%2FCO_2022_001,1,1,yes,当前详情卡/资产目录重建索引
CO_2022_002,计算机组成原理,VISUAL_PENDING,obsidian://open?vault=kaoyan-408-details&file=cards%2FCO_2022_002,1,1,yes,当前详情卡/资产目录重建索引
CO_2022_003,计算机组成原理,VISUAL_PENDING,obsidian://open?vault=kaoyan-408-details&file=cards%2FCO_2022_003,1,1,no,当前详情卡/资产目录重建索引
CO_2022_004,计算机组成原理,EXAM408-2022-Q16,obsidian://open?vault=kaoyan-408-details&file=cards%2FCO_2022_004,1,1,no,BATCH-003 visual exact / canonical EXAM408 crosswalk；旧章节语料别名 CO03-Q121 / 3.5.6（34）
CO_2022_005,计算机组成原理,EXAM408-2022-Q15,obsidian://open?vault=kaoyan-408-details&file=cards%2FCO_2022_005,1,1,no,BATCH-003 visual exact / canonical EXAM408 crosswalk；旧章节语料别名 CO03-Q149 / 3.6.6（21）
CO_2023_001,计算机组成原理,HCO_0070,obsidian://open?vault=kaoyan-408-details&file=cards%2FCO_2023_001,1,2,yes,当前详情卡/资产目录重建索引
CO_2023_002,计算机组成原理,HCO_0072,obsidian://open?vault=kaoyan-408-details&file=cards%2FCO_2023_002,1,1,yes,当前详情卡/资产目录重建索引
CO_2023_003,计算机组成原理,HCO_0079,obsidian://open?vault=kaoyan-408-details&file=cards%2FCO_2023_003,1,1,yes,当前详情卡/资产目录重建索引
CO_2023_004,计算机组成原理,HCO_0082,obsidian://open?vault=kaoyan-408-details&file=cards%2FCO_2023_004,1,1,yes,当前详情卡/资产目录重建索引
CO_2023_005,计算机组成原理,VISUAL_PENDING,obsidian://open?vault=kaoyan-408-details&file=cards%2FCO_2023_005,1,1,yes,当前详情卡/资产目录重建索引
CO_2023_006,计算机组成原理,EXAM408-2023-Q15,obsidian://open?vault=kaoyan-408-details&file=cards%2FCO_2023_006,1,1,no,BATCH-003 visual exact / canonical EXAM408 crosswalk；旧章节语料别名 CO03-Q071 / 3.3.5（17）
CO_2024_001,计算机组成原理,HCO_0065,obsidian://open?vault=kaoyan-408-details&file=cards%2FCO_2024_001,1,1,yes,当前详情卡/资产目录重建索引
CO_2024_002,计算机组成原理,HCO_0073,obsidian://open?vault=kaoyan-408-details&file=cards%2FCO_2024_002,1,1,yes,当前详情卡/资产目录重建索引
CO_2024_003,计算机组成原理,HCO_0078,obsidian://open?vault=kaoyan-408-details&file=cards%2FCO_2024_003,1,1,yes,当前详情卡/资产目录重建索引
CO_2024_004,计算机组成原理,VISUAL_PENDING,obsidian://open?vault=kaoyan-408-details&file=cards%2FCO_2024_004,1,1,yes,当前详情卡/资产目录重建索引
CO_2024_005,计算机组成原理,EXAM408-2024-Q16,obsidian://open?vault=kaoyan-408-details&file=cards%2FCO_2024_005,1,1,no,BATCH-003 visual exact / canonical EXAM408 crosswalk；旧章节语料别名 CO03-Q150 / 3.6.6（22）
CO_UNK_001,计算机组成原理,HCO_0001,obsidian://open?vault=kaoyan-408-details&file=cards%2FCO_UNK_001,1,1,no,2026-07-04 已从本地 CO03 存储系统语料 CO03-Q089 / 3.5.6 (02) 恢复同题原扫描题图和独立解析图；旧文字卡题图与解析图已隔离备份
CO_UNK_002,计算机组成原理,HCO_0002,obsidian://open?vault=kaoyan-408-details&file=cards%2FCO_UNK_002,1,1,yes,MarginNote Word 导出文字卡替代图：408(2026-06-30-20-06-25).docx；note 8DE4E50C-DB04-4DEF-A19E-48DC9789E977；原题扫描图仍待替换
CO_UNK_003,计算机组成原理,HCO_0003,obsidian://open?vault=kaoyan-408-details&file=cards%2FCO_UNK_003,1,1,no,2026-07-04 已从本地 CO03 存储系统语料 CO03-Q032 / 3.2.5 (18) 恢复同题原扫描题图和独立解析图；旧文字卡题图与解析图已隔离备份
CO_UNK_004,计算机组成原理,HCO_0004,obsidian://open?vault=kaoyan-408-details&file=cards%2FCO_UNK_004,1,1,no,当前详情卡/资产目录重建索引
CO_UNK_005,计算机组成原理,HCO_0005,obsidian://open?vault=kaoyan-408-details&file=cards%2FCO_UNK_005,1,1,no,当前详情卡/资产目录重建索引
CO_UNK_006,计算机组成原理,HCO_0006,obsidian://open?vault=kaoyan-408-details&file=cards%2FCO_UNK_006,1,1,yes,当前详情卡/资产目录重建索引
CO_UNK_007,计算机组成原理,HCO_0007,obsidian://open?vault=kaoyan-408-details&file=cards%2FCO_UNK_007,1,1,yes,当前详情卡/资产目录重建索引
CO_UNK_008,计算机组成原理,HCO_0008,obsidian://open?vault=kaoyan-408-details&file=cards%2FCO_UNK_008,1,1,yes,当前详情卡/资产目录重建索引
CO_UNK_009,计算机组成原理,HCO_0009,obsidian://open?vault=kaoyan-408-details&file=cards%2FCO_UNK_009,1,1,yes,当前详情卡/资产目录重建索引；2026-07-03 已从本地袁春风习题解答 PDF 第 101 页恢复独立解析图
CO_UNK_010,计算机组成原理,HCO_0010,obsidian://open?vault=kaoyan-408-details&file=cards%2FCO_UNK_010,1,1,yes,当前详情卡/资产目录重建索引；2026-07-03 已从本地王道选择题本第 41 页恢复原题扫描题图，并从 2026 计组 PDF 第 189 页恢复独立解析图
CO_UNK_011,计算机组成原理,HCO_0011,obsidian://open?vault=kaoyan-408-details&file=cards%2FCO_UNK_011,1,1,yes,当前详情卡/资产目录重建索引
CO_UNK_013,计算机组成原理,HCO_0013,obsidian://open?vault=kaoyan-408-details&file=cards%2FCO_UNK_013,1,1,yes,当前详情卡/资产目录重建索引
CO_UNK_015,计算机组成原理,HCO_0015,obsidian://open?vault=kaoyan-408-details&file=cards%2FCO_UNK_015,1,1,yes,当前详情卡/资产目录重建索引
CO_UNK_016,计算机组成原理,HCO_0016,obsidian://open?vault=kaoyan-408-details&file=cards%2FCO_UNK_016,1,1,yes,当前详情卡/资产目录重建索引
CO_UNK_017,计算机组成原理,HCO_0017,obsidian://open?vault=kaoyan-408-details&file=cards%2FCO_UNK_017,1,1,yes,当前详情卡/资产目录重建索引
CO_UNK_018,计算机组成原理,HCO_0018,obsidian://open?vault=kaoyan-408-details&file=cards%2FCO_UNK_018,1,1,no,当前详情卡/资产目录重建索引
CO_UNK_019,计算机组成原理,HCO_0019,obsidian://open?vault=kaoyan-408-details&file=cards%2FCO_UNK_019,1,1,no,当前详情卡/资产目录重建索引
CO_UNK_020,计算机组成原理,HCO_0020,obsidian://open?vault=kaoyan-408-details&file=cards%2FCO_UNK_020,1,1,no,当前详情卡/资产目录重建索引
CO_UNK_021,计算机组成原理,HCO_0021,obsidian://open?vault=kaoyan-408-details&file=cards%2FCO_UNK_021,1,1,yes,当前详情卡/资产目录重建索引
CO_UNK_022,计算机组成原理,HCO_0022,obsidian://open?vault=kaoyan-408-details&file=cards%2FCO_UNK_022,1,1,yes,当前详情卡/资产目录重建索引
CO_UNK_023,计算机组成原理,HCO_0023,obsidian://open?vault=kaoyan-408-details&file=cards%2FCO_UNK_023,1,1,yes,当前详情卡/资产目录重建索引
CO_UNK_024,计算机组成原理,HCO_0024,obsidian://open?vault=kaoyan-408-details&file=cards%2FCO_UNK_024,1,1,yes,当前详情卡/资产目录重建索引
CO_UNK_025,计算机组成原理,HCO_0025,obsidian://open?vault=kaoyan-408-details&file=cards%2FCO_UNK_025,1,1,yes,当前详情卡/资产目录重建索引
CO_UNK_026,计算机组成原理,HCO_0026,obsidian://open?vault=kaoyan-408-details&file=cards%2FCO_UNK_026,1,1,yes,当前详情卡/资产目录重建索引
CO_UNK_027,计算机组成原理,HCO_0027,obsidian://open?vault=kaoyan-408-details&file=cards%2FCO_UNK_027,1,1,yes,当前详情卡/资产目录重建索引
CO_UNK_028,计算机组成原理,HCO_0028,obsidian://open?vault=kaoyan-408-details&file=cards%2FCO_UNK_028,1,1,yes,当前详情卡/资产目录重建索引
CO_UNK_029,计算机组成原理,HCO_0029,obsidian://open?vault=kaoyan-408-details&file=cards%2FCO_UNK_029,1,1,yes,当前详情卡/资产目录重建索引
CO_UNK_030,计算机组成原理,HCO_0030,obsidian://open?vault=kaoyan-408-details&file=cards%2FCO_UNK_030,1,1,yes,当前详情卡/资产目录重建索引
CO_UNK_031,计算机组成原理,HCO_0031,obsidian://open?vault=kaoyan-408-details&file=cards%2FCO_UNK_031,1,1,yes,当前详情卡/资产目录重建索引
CO_UNK_032,计算机组成原理,HCO_0032,obsidian://open?vault=kaoyan-408-details&file=cards%2FCO_UNK_032,1,1,yes,当前详情卡/资产目录重建索引
CO_UNK_033,计算机组成原理,HCO_0033,obsidian://open?vault=kaoyan-408-details&file=cards%2FCO_UNK_033,1,1,yes,当前详情卡/资产目录重建索引
CO_UNK_034,计算机组成原理,HCO_0034,obsidian://open?vault=kaoyan-408-details&file=cards%2FCO_UNK_034,1,1,yes,当前详情卡/资产目录重建索引
CO_UNK_035,计算机组成原理,HCO_0035,obsidian://open?vault=kaoyan-408-details&file=cards%2FCO_UNK_035,1,1,yes,当前详情卡/资产目录重建索引
CO_UNK_036,计算机组成原理,HCO_0036,obsidian://open?vault=kaoyan-408-details&file=cards%2FCO_UNK_036,1,1,yes,当前详情卡/资产目录重建索引
CO_UNK_037,计算机组成原理,HCO_0037,obsidian://open?vault=kaoyan-408-details&file=cards%2FCO_UNK_037,1,1,yes,当前详情卡/资产目录重建索引
CO_UNK_038,计算机组成原理,HCO_0038,obsidian://open?vault=kaoyan-408-details&file=cards%2FCO_UNK_038,1,1,no,当前详情卡/资产目录重建索引
CO_UNK_039,计算机组成原理,HCO_0039,obsidian://open?vault=kaoyan-408-details&file=cards%2FCO_UNK_039,1,1,yes,当前详情卡/资产目录重建索引
CO_UNK_040,计算机组成原理,HCO_0040,obsidian://open?vault=kaoyan-408-details&file=cards%2FCO_UNK_040,1,1,yes,当前详情卡/资产目录重建索引
CO_UNK_041,计算机组成原理,HCO_0041,obsidian://open?vault=kaoyan-408-details&file=cards%2FCO_UNK_041,1,1,yes,当前详情卡/资产目录重建索引
CO_UNK_042,计算机组成原理,HCO_0042,obsidian://open?vault=kaoyan-408-details&file=cards%2FCO_UNK_042,1,1,yes,当前详情卡/资产目录重建索引
CO_UNK_043,计算机组成原理,HCO_0043,obsidian://open?vault=kaoyan-408-details&file=cards%2FCO_UNK_043,1,1,yes,当前详情卡/资产目录重建索引
CO_UNK_044,计算机组成原理,HCO_0044,obsidian://open?vault=kaoyan-408-details&file=cards%2FCO_UNK_044,1,1,yes,王道控制器答案解析页恢复同题解析图；当前详情卡/资产目录重建索引
CO_UNK_045,计算机组成原理,HCO_0045,obsidian://open?vault=kaoyan-408-details&file=cards%2FCO_UNK_045,1,1,yes,当前详情卡/资产目录重建索引
CO_UNK_046,计算机组成原理,HCO_0046,obsidian://open?vault=kaoyan-408-details&file=cards%2FCO_UNK_046,1,1,yes,当前详情卡/资产目录重建索引
CO_UNK_047,计算机组成原理,HCO_0047,obsidian://open?vault=kaoyan-408-details&file=cards%2FCO_UNK_047,1,1,yes,当前详情卡/资产目录重建索引
CO_UNK_048,计算机组成原理,HCO_0048,obsidian://open?vault=kaoyan-408-details&file=cards%2FCO_UNK_048,1,1,yes,当前详情卡/资产目录重建索引
CO_UNK_049,计算机组成原理,HCO_0049,obsidian://open?vault=kaoyan-408-details&file=cards%2FCO_UNK_049,1,1,yes,当前详情卡/资产目录重建索引
CO_UNK_050,计算机组成原理,HCO_0050,obsidian://open?vault=kaoyan-408-details&file=cards%2FCO_UNK_050,1,1,no,当前详情卡/资产目录重建索引
CO_UNK_051,计算机组成原理,HCO_0051,obsidian://open?vault=kaoyan-408-details&file=cards%2FCO_UNK_051,1,1,yes,当前详情卡/资产目录重建索引
CO_UNK_052,计算机组成原理,HCO_0052,obsidian://open?vault=kaoyan-408-details&file=cards%2FCO_UNK_052,1,1,yes,当前详情卡/资产目录重建索引
CO_UNK_053,计算机组成原理,HCO_0053,obsidian://open?vault=kaoyan-408-details&file=cards%2FCO_UNK_053,1,1,yes,当前详情卡/资产目录重建索引
CO_UNK_054,计算机组成原理,HCO_0054,obsidian://open?vault=kaoyan-408-details&file=cards%2FCO_UNK_054,1,1,yes,当前详情卡/资产目录重建索引
CO_UNK_055,计算机组成原理,HCO_0055,obsidian://open?vault=kaoyan-408-details&file=cards%2FCO_UNK_055,1,1,no,当前详情卡/资产目录重建索引
CO_UNK_056,计算机组成原理,HCO_0056,obsidian://open?vault=kaoyan-408-details&file=cards%2FCO_UNK_056,1,1,yes,当前详情卡/资产目录重建索引
CO_UNK_057,计算机组成原理,HCO_0057,obsidian://open?vault=kaoyan-408-details&file=cards%2FCO_UNK_057,1,1,yes,当前详情卡/资产目录重建索引
CO_UNK_058,计算机组成原理,HCO_0058,obsidian://open?vault=kaoyan-408-details&file=cards%2FCO_UNK_058,1,1,yes,当前详情卡/资产目录重建索引
CO_UNK_059,计算机组成原理,HCO_0059,obsidian://open?vault=kaoyan-408-details&file=cards%2FCO_UNK_059,1,1,yes,当前详情卡/资产目录重建索引
CO_UNK_060,计算机组成原理,HCO_0060,obsidian://open?vault=kaoyan-408-details&file=cards%2FCO_UNK_060,1,1,yes,当前详情卡/资产目录重建索引
CO_UNK_061,计算机组成原理,HCO_0061,obsidian://open?vault=kaoyan-408-details&file=cards%2FCO_UNK_061,1,1,yes,2026-07-03 从本地王道总线定时解析页恢复 solution-01.png 并直接看图确认同题
CO_UNK_062,计算机组成原理,HCO_0064,obsidian://open?vault=kaoyan-408-details&file=cards%2FCO_UNK_062,1,1,yes,当前详情卡/资产目录重建索引
CO_UNK_063,计算机组成原理,HCO_0066,obsidian://open?vault=kaoyan-408-details&file=cards%2FCO_UNK_063,1,1,yes,当前详情卡/资产目录重建索引
CO_UNK_064,计算机组成原理,HCO_0067,obsidian://open?vault=kaoyan-408-details&file=cards%2FCO_UNK_064,1,1,yes,当前详情卡/资产目录重建索引
CO_UNK_065,计算机组成原理,HCO_0068,obsidian://open?vault=kaoyan-408-details&file=cards%2FCO_UNK_065,1,1,yes,本地袁春风习题解答 PDF 第 255 页恢复独立解析图
CO_UNK_066,计算机组成原理,HCO_0074,obsidian://open?vault=kaoyan-408-details&file=cards%2FCO_UNK_066,1,1,yes,当前详情卡/资产目录重建索引
CO_UNK_067,计算机组成原理,HCO_0075,obsidian://open?vault=kaoyan-408-details&file=cards%2FCO_UNK_067,1,1,yes,当前详情卡/资产目录重建索引
CO_UNK_068,计算机组成原理,HCO_0076,obsidian://open?vault=kaoyan-408-details&file=cards%2FCO_UNK_068,1,1,yes,2026-07-03 已从本地《计算机组成原理试题解析（第七版）》第 38 页补回原扫描题图；已生成解析文字渲染兜底图；原始解析截图可选替换
CO_UNK_069,计算机组成原理,HCO_0081,obsidian://open?vault=kaoyan-408-details&file=cards%2FCO_UNK_069,1,1,yes,当前详情卡/资产目录重建索引；2026-07-03 本地王道流水线答案解析页恢复独立解析图
CO_UNK_070,计算机组成原理,VISUAL_PENDING,obsidian://open?vault=kaoyan-408-details&file=cards%2FCO_UNK_070,1,2,yes,当前详情卡/资产目录重建索引
CO_UNK_071,计算机组成原理,VISUAL_PENDING,obsidian://open?vault=kaoyan-408-details&file=cards%2FCO_UNK_071,1,1,yes,当前详情卡/资产目录重建索引
DS_2009_001,数据结构,VISUAL_PENDING,obsidian://open?vault=kaoyan-408-details&file=cards%2FDS_2009_001,1,1,no,当前详情卡/资产目录重建索引
DS_2009_002,数据结构,VISUAL_PENDING,obsidian://open?vault=kaoyan-408-details&file=cards%2FDS_2009_002,1,1,no,当前详情卡/资产目录重建索引
DS_2009_003,数据结构,VISUAL_PENDING,obsidian://open?vault=kaoyan-408-details&file=cards%2FDS_2009_003,1,1,no,当前详情卡/资产目录重建索引
DS_2009_004,数据结构,EXAM408-2009-Q42,obsidian://open?vault=kaoyan-408-details&file=cards%2FDS_2009_004,0,0,no,规范真题语料 canonical EXAM408-2009-Q42；正式详情卡引用耐久题图与解析图
DS_2010_001,数据结构,VISUAL_PENDING,obsidian://open?vault=kaoyan-408-details&file=cards%2FDS_2010_001,1,1,yes,当前详情卡/资产目录重建索引
DS_2010_002,数据结构,VISUAL_PENDING,obsidian://open?vault=kaoyan-408-details&file=cards%2FDS_2010_002,1,1,yes,当前详情卡/资产目录重建索引
DS_2010_003,数据结构,VISUAL_PENDING,obsidian://open?vault=kaoyan-408-details&file=cards%2FDS_2010_003,1,2,yes,当前详情卡/资产目录重建索引
DS_2010_004,数据结构,EXAM408-2010-Q42,obsidian://open?vault=kaoyan-408-details&file=cards%2FDS_2010_004,0,0,no,规范真题语料 canonical EXAM408-2010-Q42；正式详情卡引用耐久题图与解析图
DS_2011_001,数据结构,HDS_0007,obsidian://open?vault=kaoyan-408-details&file=cards%2FDS_2011_001,1,1,no,当前详情卡/资产目录重建索引
DS_2011_002,数据结构,VISUAL_PENDING,obsidian://open?vault=kaoyan-408-details&file=cards%2FDS_2011_002,1,2,yes,当前详情卡/资产目录重建索引
DS_2011_003,数据结构,VISUAL_PENDING,obsidian://open?vault=kaoyan-408-details&file=cards%2FDS_2011_003,1,1,no,当前详情卡/资产目录重建索引
DS_2012_001,数据结构,VISUAL_PENDING,obsidian://open?vault=kaoyan-408-details&file=cards%2FDS_2012_001,1,1,yes,当前详情卡/资产目录重建索引
DS_2012_002,数据结构,VISUAL_PENDING,obsidian://open?vault=kaoyan-408-details&file=cards%2FDS_2012_002,1,1,yes,当前详情卡/资产目录重建索引
DS_2012_003,数据结构,VISUAL_PENDING,obsidian://open?vault=kaoyan-408-details&file=cards%2FDS_2012_003,1,1,yes,当前详情卡/资产目录重建索引
DS_2012_004,数据结构,VISUAL_PENDING,obsidian://open?vault=kaoyan-408-details&file=cards%2FDS_2012_004,1,2,yes,当前详情卡/资产目录重建索引
DS_2012_005,数据结构,VISUAL_PENDING,obsidian://open?vault=kaoyan-408-details&file=cards%2FDS_2012_005,1,1,no,当前详情卡/资产目录重建索引
DS_2012_006,数据结构,EXAM408-2012-Q42,obsidian://open?vault=kaoyan-408-details&file=cards%2FDS_2012_006,0,0,no,规范真题语料 canonical EXAM408-2012-Q42；正式详情卡引用耐久题图与解析图
DS_2013_001,数据结构,VISUAL_PENDING,obsidian://open?vault=kaoyan-408-details&file=cards%2FDS_2013_001,1,2,yes,当前详情卡/资产目录重建索引
DS_2013_002,数据结构,VISUAL_PENDING,obsidian://open?vault=kaoyan-408-details&file=cards%2FDS_2013_002,1,1,no,当前详情卡/资产目录重建索引
DS_2014_002,数据结构,HDS_0006,obsidian://open?vault=kaoyan-408-details&file=cards%2FDS_2014_002,1,1,no,当前详情卡/资产目录重建索引
DS_2014_003,数据结构,VISUAL_PENDING,obsidian://open?vault=kaoyan-408-details&file=cards%2FDS_2014_003,1,1,no,当前详情卡/资产目录重建索引
DS_2014_004,数据结构,VISUAL_PENDING,obsidian://open?vault=kaoyan-408-details&file=cards%2FDS_2014_004,1,1,yes,当前详情卡/资产目录重建索引
DS_2014_005,数据结构,VISUAL_PENDING,obsidian://open?vault=kaoyan-408-details&file=cards%2FDS_2014_005,1,1,yes,当前详情卡/资产目录重建索引
DS_2015_001,数据结构,VISUAL_PENDING,obsidian://open?vault=kaoyan-408-details&file=cards%2FDS_2015_001,1,1,no,当前详情卡/资产目录重建索引
DS_2015_002,数据结构,VISUAL_PENDING,obsidian://open?vault=kaoyan-408-details&file=cards%2FDS_2015_002,1,1,no,当前详情卡/资产目录重建索引
DS_2015_003,数据结构,VISUAL_PENDING,obsidian://open?vault=kaoyan-408-details&file=cards%2FDS_2015_003,1,1,no,当前详情卡/资产目录重建索引
DS_2015_004,数据结构,VISUAL_PENDING,obsidian://open?vault=kaoyan-408-details&file=cards%2FDS_2015_004,1,1,yes,当前详情卡/资产目录重建索引
DS_2015_005,数据结构,VISUAL_PENDING,obsidian://open?vault=kaoyan-408-details&file=cards%2FDS_2015_005,1,1,yes,当前详情卡/资产目录重建索引
DS_2016_001,数据结构,HDS_0004,obsidian://open?vault=kaoyan-408-details&file=cards%2FDS_2016_001,1,1,yes,当前详情卡/资产目录重建索引
DS_2016_002,数据结构,VISUAL_PENDING,obsidian://open?vault=kaoyan-408-details&file=cards%2FDS_2016_002,1,1,no,当前详情卡/资产目录重建索引
DS_2017_001,数据结构,VISUAL_PENDING,obsidian://open?vault=kaoyan-408-details&file=cards%2FDS_2017_001,1,1,yes,当前详情卡/资产目录重建索引
DS_2017_002,数据结构,VISUAL_PENDING,obsidian://open?vault=kaoyan-408-details&file=cards%2FDS_2017_002,1,1,yes,当前详情卡/资产目录重建索引
DS_2017_003,数据结构,VISUAL_PENDING,obsidian://open?vault=kaoyan-408-details&file=cards%2FDS_2017_003,1,1,yes,当前详情卡/资产目录重建索引
DS_2017_004,数据结构,VISUAL_PENDING,obsidian://open?vault=kaoyan-408-details&file=cards%2FDS_2017_004,1,1,no,当前详情卡/资产目录重建索引
DS_2018_001,数据结构,VISUAL_PENDING,obsidian://open?vault=kaoyan-408-details&file=cards%2FDS_2018_001,1,1,yes,当前详情卡/资产目录重建索引
DS_2018_002,数据结构,VISUAL_PENDING,obsidian://open?vault=kaoyan-408-details&file=cards%2FDS_2018_002,1,1,no,当前详情卡/资产目录重建索引
DS_2018_003,数据结构,EXAM408-2018-Q41,obsidian://open?vault=kaoyan-408-details&file=cards%2FDS_2018_003,0,0,no,规范真题语料 canonical EXAM408-2018-Q41；正式详情卡引用耐久题图与解析图
DS_2019_001,数据结构,VISUAL_PENDING,obsidian://open?vault=kaoyan-408-details&file=cards%2FDS_2019_001,1,1,no,当前详情卡/资产目录重建索引
DS_2019_002,数据结构,VISUAL_PENDING,obsidian://open?vault=kaoyan-408-details&file=cards%2FDS_2019_002,1,1,yes,当前详情卡/资产目录重建索引
DS_2020_001,数据结构,HDS_0002,obsidian://open?vault=kaoyan-408-details&file=cards%2FDS_2020_001,1,1,yes,当前详情卡/资产目录重建索引
DS_2020_002,数据结构,VISUAL_PENDING,obsidian://open?vault=kaoyan-408-details&file=cards%2FDS_2020_002,1,2,yes,当前详情卡/资产目录重建索引
DS_2020_003,数据结构,VISUAL_PENDING,obsidian://open?vault=kaoyan-408-details&file=cards%2FDS_2020_003,1,1,no,当前详情卡/资产目录重建索引
DS_2020_004,数据结构,EXAM408-2020-Q41,obsidian://open?vault=kaoyan-408-details&file=cards%2FDS_2020_004,0,0,no,规范真题语料 canonical EXAM408-2020-Q41；正式详情卡引用耐久题图与解析图
DS_2021_001,数据结构,VISUAL_PENDING,obsidian://open?vault=kaoyan-408-details&file=cards%2FDS_2021_001,1,1,no,当前详情卡/资产目录重建索引
DS_2021_002,数据结构,VISUAL_PENDING,obsidian://open?vault=kaoyan-408-details&file=cards%2FDS_2021_002,1,1,no,当前详情卡/资产目录重建索引
DS_2022_001,数据结构,VISUAL_PENDING,obsidian://open?vault=kaoyan-408-details&file=cards%2FDS_2022_001,1,1,no,当前详情卡/资产目录重建索引
DS_2022_002,数据结构,VISUAL_PENDING,obsidian://open?vault=kaoyan-408-details&file=cards%2FDS_2022_002,1,1,no,当前详情卡/资产目录重建索引
DS_2023_001,数据结构,HDS_0003,obsidian://open?vault=kaoyan-408-details&file=cards%2FDS_2023_001,1,1,yes,当前详情卡/资产目录重建索引
DS_2023_002,数据结构,HDS_0005,obsidian://open?vault=kaoyan-408-details&file=cards%2FDS_2023_002,1,1,yes,当前详情卡/资产目录重建索引；2026-07-03 已从本地 2023 年解析 PDF 恢复独立解析图
DS_2023_003,数据结构,VISUAL_PENDING,obsidian://open?vault=kaoyan-408-details&file=cards%2FDS_2023_003,1,1,yes,当前详情卡/资产目录重建索引
DS_2023_004,数据结构,VISUAL_PENDING,obsidian://open?vault=kaoyan-408-details&file=cards%2FDS_2023_004,1,1,yes,当前详情卡/资产目录重建索引；2026-07-03 已从本地 2023 年解析 PDF 恢复独立解析图
DS_2023_005,数据结构,VISUAL_PENDING,obsidian://open?vault=kaoyan-408-details&file=cards%2FDS_2023_005,1,1,yes,当前详情卡/资产目录重建索引
DS_2024_001,数据结构,VISUAL_PENDING,obsidian://open?vault=kaoyan-408-details&file=cards%2FDS_2024_001,1,1,no,占位详情页；MarginNote 原题图待人工补充
DS_2024_002,数据结构,VISUAL_PENDING,obsidian://open?vault=kaoyan-408-details&file=cards%2FDS_2024_002,1,1,yes,当前详情卡/资产目录重建索引
OS_2009_001,操作系统,VISUAL_PENDING,obsidian://open?vault=kaoyan-408-details&file=cards%2FOS_2009_001,1,1,no,当前详情卡/资产目录重建索引
OS_2009_002,操作系统,VISUAL_PENDING,obsidian://open?vault=kaoyan-408-details&file=cards%2FOS_2009_002,1,1,yes,当前详情卡/资产目录重建索引
OS_2009_003,操作系统,EXAM408-2009-Q28,obsidian://open?vault=kaoyan-408-details&file=cards%2FOS_2009_003,1,1,yes,BATCH-005 visual exact / canonical EXAM408-2009-Q28 / formal-node-crosswalk exact / machine_exact
OS_2010_001,操作系统,VISUAL_PENDING,obsidian://open?vault=kaoyan-408-details&file=cards%2FOS_2010_001,1,1,no,当前详情卡/资产目录重建索引
OS_2010_002,操作系统,VISUAL_PENDING,obsidian://open?vault=kaoyan-408-details&file=cards%2FOS_2010_002,1,1,yes,当前详情卡/资产目录重建索引
OS_2010_003,操作系统,VISUAL_PENDING,obsidian://open?vault=kaoyan-408-details&file=cards%2FOS_2010_003,1,1,yes,当前详情卡/资产目录重建索引
OS_2010_004,操作系统,EXAM408-2010-Q30,obsidian://open?vault=kaoyan-408-details&file=cards%2FOS_2010_004,1,1,yes,BATCH-005 visual exact / canonical EXAM408-2010-Q30 / formal-node-crosswalk exact / machine_exact
OS_2011_001,操作系统,VISUAL_PENDING,obsidian://open?vault=kaoyan-408-details&file=cards%2FOS_2011_001,1,2,no,当前详情卡/资产目录重建索引
OS_2012_001,操作系统,VISUAL_PENDING,obsidian://open?vault=kaoyan-408-details&file=cards%2FOS_2012_001,1,1,no,当前详情卡/资产目录重建索引
OS_2012_002,操作系统,VISUAL_PENDING,obsidian://open?vault=kaoyan-408-details&file=cards%2FOS_2012_002,1,1,yes,当前详情卡/资产目录重建索引
OS_2013_001,操作系统,HOS_0034,obsidian://open?vault=kaoyan-408-details&file=cards%2FOS_2013_001,1,1,yes,当前详情卡/资产目录重建索引
OS_2013_002,操作系统,HOS_0047,obsidian://open?vault=kaoyan-408-details&file=cards%2FOS_2013_002,1,1,yes,当前详情卡/资产目录重建索引
OS_2013_003,操作系统,EXAM408-2013-Q26,obsidian://open?vault=kaoyan-408-details&file=cards%2FOS_2013_003,1,1,yes,BATCH-005 visual exact / canonical EXAM408-2013-Q26 / formal-node-crosswalk exact / machine_exact
OS_2014_001,操作系统,VISUAL_PENDING,obsidian://open?vault=kaoyan-408-details&file=cards%2FOS_2014_001,1,1,no,当前详情卡/资产目录重建索引
OS_2014_002,操作系统,VISUAL_PENDING,obsidian://open?vault=kaoyan-408-details&file=cards%2FOS_2014_002,1,1,yes,当前详情卡/资产目录重建索引
OS_2014_003,操作系统,VISUAL_PENDING,obsidian://open?vault=kaoyan-408-details&file=cards%2FOS_2014_003,1,1,yes,当前详情卡/资产目录重建索引
OS_2014_004,操作系统,EXAM408-2014-Q27,obsidian://open?vault=kaoyan-408-details&file=cards%2FOS_2014_004,1,1,yes,BATCH-005 visual exact / canonical EXAM408-2014-Q27 / formal-node-crosswalk exact / machine_exact
OS_2015_001,操作系统,HOS_0035,obsidian://open?vault=kaoyan-408-details&file=cards%2FOS_2015_001,1,1,yes,当前详情卡/资产目录重建索引
OS_2015_002,操作系统,EXAM408-2015-Q29,obsidian://open?vault=kaoyan-408-details&file=cards%2FOS_2015_002,1,1,yes,BATCH-005 visual exact / canonical EXAM408-2015-Q29 / formal-node-crosswalk exact / machine_exact
OS_2015_003,操作系统,EXAM408-2015-Q31,obsidian://open?vault=kaoyan-408-details&file=cards%2FOS_2015_003,1,1,yes,BATCH-005 visual exact / canonical EXAM408-2015-Q31 / formal-node-crosswalk exact / machine_exact
OS_2016_001,操作系统,HOS_0015,obsidian://open?vault=kaoyan-408-details&file=cards%2FOS_2016_001,1,2,yes,当前详情卡/资产目录重建索引
OS_2016_002,操作系统,HOS_0016,obsidian://open?vault=kaoyan-408-details&file=cards%2FOS_2016_002,1,1,yes,当前详情卡/资产目录重建索引
OS_2016_003,操作系统,HOS_0036,obsidian://open?vault=kaoyan-408-details&file=cards%2FOS_2016_003,1,1,yes,当前详情卡/资产目录重建索引
OS_2016_004,操作系统,HOS_0139,obsidian://open?vault=kaoyan-408-details&file=cards%2FOS_2016_004,1,1,yes,当前详情卡/资产目录重建索引；2026-07-04 从本地 2024 解析 PDF 补 solution-01.png
OS_2017_001,操作系统,HOS_0051,obsidian://open?vault=kaoyan-408-details&file=cards%2FOS_2017_001,1,1,yes,当前详情卡/资产目录重建索引
OS_2017_002,操作系统,VISUAL_PENDING,obsidian://open?vault=kaoyan-408-details&file=cards%2FOS_2017_002,1,1,yes,当前详情卡/资产目录重建索引
OS_2017_003,操作系统,EXAM408-2017-Q30,obsidian://open?vault=kaoyan-408-details&file=cards%2FOS_2017_003,1,1,yes,BATCH-005 visual exact / canonical EXAM408-2017-Q30 / formal-node-crosswalk exact / machine_exact；旧定位别名 章节定位 50
OS_2017_004,操作系统,EXAM408-2017-Q26,obsidian://open?vault=kaoyan-408-details&file=cards%2FOS_2017_004,1,1,yes,BATCH-005 visual exact / canonical EXAM408-2017-Q26 / formal-node-crosswalk exact / machine_exact；旧定位别名 章节定位 51
OS_2018_001,操作系统,HOS_0017,obsidian://open?vault=kaoyan-408-details&file=cards%2FOS_2018_001,1,1,yes,当前详情卡/资产目录重建索引
OS_2018_003,操作系统,HOS_0048,obsidian://open?vault=kaoyan-408-details&file=cards%2FOS_2018_003,1,1,yes,当前详情卡/资产目录重建索引
OS_2018_005,操作系统,VISUAL_PENDING,obsidian://open?vault=kaoyan-408-details&file=cards%2FOS_2018_005,1,1,yes,当前详情卡/资产目录重建索引
OS_2019_001,操作系统,HOS_0018,obsidian://open?vault=kaoyan-408-details&file=cards%2FOS_2019_001,1,1,yes,2026-07-04 已从 OS_UNK_121 同题解析图同步独立解析图；当前详情卡/资产目录重建索引
OS_2019_002,操作系统,HOS_0079,obsidian://open?vault=kaoyan-408-details&file=cards%2FOS_2019_002,1,1,yes,当前详情卡/资产目录重建索引
OS_2019_003,操作系统,VISUAL_PENDING,obsidian://open?vault=kaoyan-408-details&file=cards%2FOS_2019_003,1,1,yes,当前详情卡/资产目录重建索引
OS_2019_004,操作系统,VISUAL_PENDING,obsidian://open?vault=kaoyan-408-details&file=cards%2FOS_2019_004,1,2,yes,当前详情卡/资产目录重建索引
OS_2019_005,操作系统,VISUAL_PENDING,obsidian://open?vault=kaoyan-408-details&file=cards%2FOS_2019_005,1,1,yes,当前详情卡/资产目录重建索引
OS_2019_006,操作系统,HOS_0080,obsidian://open?vault=kaoyan-408-details&file=cards%2FOS_2019_006,1,2,yes,当前详情卡/资产目录重建索引
OS_2020_001,操作系统,HOS_0019,obsidian://open?vault=kaoyan-408-details&file=cards%2FOS_2020_001,1,1,no,占位详情页；MarginNote 原题图待人工补充
OS_2020_002,操作系统,HOS_0055,obsidian://open?vault=kaoyan-408-details&file=cards%2FOS_2020_002,1,1,yes,当前详情卡/资产目录重建索引
OS_2020_003,操作系统,EXAM408-2020-Q23,obsidian://open?vault=kaoyan-408-details&file=cards%2FOS_2020_003,1,1,yes,BATCH-005 visual exact / canonical EXAM408-2020-Q23 / formal-node-crosswalk exact / machine_exact；旧定位别名 章节定位 53
OS_2020_004,操作系统,EXAM408-2020-Q24,obsidian://open?vault=kaoyan-408-details&file=cards%2FOS_2020_004,1,1,yes,BATCH-005 visual exact / canonical EXAM408-2020-Q24 / formal-node-crosswalk exact / machine_exact；旧定位别名 章节定位 54
OS_2021_001,操作系统,HOS_0142,obsidian://open?vault=kaoyan-408-details&file=cards%2FOS_2021_001,1,1,yes,当前详情卡/资产目录重建索引
OS_2021_002,操作系统,VISUAL_PENDING,obsidian://open?vault=kaoyan-408-details&file=cards%2FOS_2021_002,1,1,no,当前详情卡/资产目录重建索引
OS_2021_003,操作系统,VISUAL_PENDING,obsidian://open?vault=kaoyan-408-details&file=cards%2FOS_2021_003,1,1,no,当前详情卡/资产目录重建索引
OS_2021_004,操作系统,VISUAL_PENDING,obsidian://open?vault=kaoyan-408-details&file=cards%2FOS_2021_004,1,1,yes,当前详情卡/资产目录重建索引
OS_2022_001,操作系统,HOS_0052,obsidian://open?vault=kaoyan-408-details&file=cards%2FOS_2022_001,1,1,yes,当前详情卡/资产目录重建索引
OS_2022_002,操作系统,VISUAL_PENDING,obsidian://open?vault=kaoyan-408-details&file=cards%2FOS_2022_002,1,1,no,当前详情卡/资产目录重建索引
OS_2022_003,操作系统,VISUAL_PENDING,obsidian://open?vault=kaoyan-408-details&file=cards%2FOS_2022_003,1,1,no,当前详情卡/资产目录重建索引
OS_2023_001,操作系统,HOS_0049,obsidian://open?vault=kaoyan-408-details&file=cards%2FOS_2023_001,1,1,yes,当前详情卡/资产目录重建索引
OS_2023_002,操作系统,HOS_0063,obsidian://open?vault=kaoyan-408-details&file=cards%2FOS_2023_002,1,2,yes,当前详情卡/资产目录重建索引
OS_2023_003,操作系统,HOS_0140,obsidian://open?vault=kaoyan-408-details&file=cards%2FOS_2023_003,1,1,yes,当前详情卡/资产目录重建索引；2026-07-03 已从本地 2011 解析 PDF 恢复独立解析图；正式年份/ID 迁移待确认
OS_2023_004,操作系统,EXAM408-2023-Q31,obsidian://open?vault=kaoyan-408-details&file=cards%2FOS_2023_004,1,1,yes,BATCH-006 visual exact / canonical EXAM408-2023-Q31；旧定位别名 章节定位 55
OS_2023_005,操作系统,EXAM408-2023-Q25,obsidian://open?vault=kaoyan-408-details&file=cards%2FOS_2023_005,1,1,yes,BATCH-006 visual exact / canonical EXAM408-2023-Q25；旧定位别名 章节定位 16
OS_2024_001,操作系统,HOS_0141,obsidian://open?vault=kaoyan-408-details&file=cards%2FOS_2024_001,1,1,yes,当前详情卡/资产目录重建索引
OS_UNK_001,操作系统,HOS_0001,obsidian://open?vault=kaoyan-408-details&file=cards%2FOS_UNK_001,1,1,yes,当前详情卡/资产目录重建索引
OS_UNK_002,操作系统,HOS_0002,obsidian://open?vault=kaoyan-408-details&file=cards%2FOS_UNK_002,1,1,yes,当前详情卡/资产目录重建索引
OS_UNK_003,操作系统,HOS_0003,obsidian://open?vault=kaoyan-408-details&file=cards%2FOS_UNK_003,1,1,yes,当前详情卡/资产目录重建索引
OS_UNK_004,操作系统,HOS_0004,obsidian://open?vault=kaoyan-408-details&file=cards%2FOS_UNK_004,1,1,yes,当前详情卡/资产目录重建索引
OS_UNK_005,操作系统,HOS_0005,obsidian://open?vault=kaoyan-408-details&file=cards%2FOS_UNK_005,1,1,yes,当前详情卡/资产目录重建索引
OS_UNK_006,操作系统,HOS_0006,obsidian://open?vault=kaoyan-408-details&file=cards%2FOS_UNK_006,1,1,yes,当前详情卡/资产目录重建索引
OS_UNK_007,操作系统,HOS_0007,obsidian://open?vault=kaoyan-408-details&file=cards%2FOS_UNK_007,1,1,yes,当前详情卡/资产目录重建索引
OS_UNK_008,操作系统,HOS_0008,obsidian://open?vault=kaoyan-408-details&file=cards%2FOS_UNK_008,1,1,yes,当前详情卡/资产目录重建索引
OS_UNK_009,操作系统,HOS_0009,obsidian://open?vault=kaoyan-408-details&file=cards%2FOS_UNK_009,1,1,yes,当前详情卡/资产目录重建索引
OS_UNK_010,操作系统,HOS_0010,obsidian://open?vault=kaoyan-408-details&file=cards%2FOS_UNK_010,1,1,yes,当前详情卡/资产目录重建索引
OS_UNK_011,操作系统,HOS_0011,obsidian://open?vault=kaoyan-408-details&file=cards%2FOS_UNK_011,1,1,yes,当前详情卡/资产目录重建索引
OS_UNK_012,操作系统,HOS_0012,obsidian://open?vault=kaoyan-408-details&file=cards%2FOS_UNK_012,1,1,yes,当前详情卡/资产目录重建索引
OS_UNK_013,操作系统,HOS_0013,obsidian://open?vault=kaoyan-408-details&file=cards%2FOS_UNK_013,1,1,yes,当前详情卡/资产目录重建索引
OS_UNK_014,操作系统,HOS_0014,obsidian://open?vault=kaoyan-408-details&file=cards%2FOS_UNK_014,1,1,yes,当前详情卡/资产目录重建索引
OS_UNK_015,操作系统,HOS_0020,obsidian://open?vault=kaoyan-408-details&file=cards%2FOS_UNK_015,1,1,yes,当前详情卡/资产目录重建索引
OS_UNK_016,操作系统,HOS_0021,obsidian://open?vault=kaoyan-408-details&file=cards%2FOS_UNK_016,1,1,yes,当前详情卡/资产目录重建索引
OS_UNK_017,操作系统,HOS_0022,obsidian://open?vault=kaoyan-408-details&file=cards%2FOS_UNK_017,1,1,yes,当前详情卡/资产目录重建索引
OS_UNK_018,操作系统,HOS_0023,obsidian://open?vault=kaoyan-408-details&file=cards%2FOS_UNK_018,1,1,yes,当前详情卡/资产目录重建索引
OS_UNK_019,操作系统,HOS_0024,obsidian://open?vault=kaoyan-408-details&file=cards%2FOS_UNK_019,1,1,yes,当前详情卡/资产目录重建索引
OS_UNK_020,操作系统,HOS_0025,obsidian://open?vault=kaoyan-408-details&file=cards%2FOS_UNK_020,1,1,no,当前详情卡/资产目录重建索引
OS_UNK_021,操作系统,HOS_0026,obsidian://open?vault=kaoyan-408-details&file=cards%2FOS_UNK_021,1,1,yes,当前详情卡/资产目录重建索引
OS_UNK_022,操作系统,HOS_0027,obsidian://open?vault=kaoyan-408-details&file=cards%2FOS_UNK_022,1,1,yes,当前详情卡/资产目录重建索引
OS_UNK_023,操作系统,HOS_0028,obsidian://open?vault=kaoyan-408-details&file=cards%2FOS_UNK_023,1,1,yes,当前详情卡/资产目录重建索引
OS_UNK_024,操作系统,HOS_0029,obsidian://open?vault=kaoyan-408-details&file=cards%2FOS_UNK_024,1,1,yes,当前详情卡/资产目录重建索引；2026-07-03 已补本地书源原扫描题图和独立解析图
OS_UNK_025,操作系统,HOS_0030,obsidian://open?vault=kaoyan-408-details&file=cards%2FOS_UNK_025,1,1,yes,当前详情卡/资产目录重建索引
OS_UNK_026,操作系统,HOS_0031,obsidian://open?vault=kaoyan-408-details&file=cards%2FOS_UNK_026,1,1,yes,当前详情卡/资产目录重建索引
OS_UNK_027,操作系统,HOS_0032,obsidian://open?vault=kaoyan-408-details&file=cards%2FOS_UNK_027,1,1,yes,当前详情卡/资产目录重建索引
OS_UNK_028,操作系统,HOS_0033,obsidian://open?vault=kaoyan-408-details&file=cards%2FOS_UNK_028,1,1,yes,当前详情卡/资产目录重建索引
OS_UNK_029,操作系统,HOS_0037,obsidian://open?vault=kaoyan-408-details&file=cards%2FOS_UNK_029,1,1,yes,当前详情卡/资产目录重建索引
OS_UNK_030,操作系统,HOS_0038,obsidian://open?vault=kaoyan-408-details&file=cards%2FOS_UNK_030,1,1,yes,当前详情卡/资产目录重建索引
OS_UNK_031,操作系统,HOS_0039,obsidian://open?vault=kaoyan-408-details&file=cards%2FOS_UNK_031,1,1,yes,当前详情卡/资产目录重建索引
OS_UNK_032,操作系统,HOS_0041,obsidian://open?vault=kaoyan-408-details&file=cards%2FOS_UNK_032,1,1,yes,当前详情卡/资产目录重建索引
OS_UNK_033,操作系统,HOS_0042,obsidian://open?vault=kaoyan-408-details&file=cards%2FOS_UNK_033,1,1,yes,当前详情卡/资产目录重建索引
OS_UNK_034,操作系统,HOS_0043,obsidian://open?vault=kaoyan-408-details&file=cards%2FOS_UNK_034,1,1,yes,当前详情卡/资产目录重建索引
OS_UNK_035,操作系统,HOS_0044,obsidian://open?vault=kaoyan-408-details&file=cards%2FOS_UNK_035,1,1,yes,当前详情卡/资产目录重建索引
OS_UNK_036,操作系统,HOS_0045,obsidian://open?vault=kaoyan-408-details&file=cards%2FOS_UNK_036,1,1,yes,当前详情卡/资产目录重建索引
OS_UNK_037,操作系统,HOS_0046,obsidian://open?vault=kaoyan-408-details&file=cards%2FOS_UNK_037,1,1,yes,当前详情卡/资产目录重建索引；2026-07-03 已补本地书源原扫描题图和独立解析图
OS_UNK_038,操作系统,HOS_0050,obsidian://open?vault=kaoyan-408-details&file=cards%2FOS_UNK_038,1,1,yes,当前详情卡/资产目录重建索引
OS_UNK_039,操作系统,HOS_0053,obsidian://open?vault=kaoyan-408-details&file=cards%2FOS_UNK_039,1,1,yes,当前详情卡/资产目录重建索引
OS_UNK_040,操作系统,HOS_0054,obsidian://open?vault=kaoyan-408-details&file=cards%2FOS_UNK_040,1,1,yes,当前详情卡/资产目录重建索引
OS_UNK_041,操作系统,HOS_0056,obsidian://open?vault=kaoyan-408-details&file=cards%2FOS_UNK_041,1,1,yes,当前详情卡/资产目录重建索引
OS_UNK_042,操作系统,HOS_0057,obsidian://open?vault=kaoyan-408-details&file=cards%2FOS_UNK_042,1,1,yes,当前详情卡/资产目录重建索引；2026-07-03 已补本地书源原扫描题图和独立解析图
OS_UNK_043,操作系统,HOS_0058,obsidian://open?vault=kaoyan-408-details&file=cards%2FOS_UNK_043,1,1,yes,当前详情卡/资产目录重建索引
OS_UNK_044,操作系统,HOS_0059,obsidian://open?vault=kaoyan-408-details&file=cards%2FOS_UNK_044,1,1,yes,当前详情卡/资产目录重建索引；2026-07-03 已补本地王道 OS 书源原扫描题图和独立解析图
OS_UNK_045,操作系统,HOS_0060,obsidian://open?vault=kaoyan-408-details&file=cards%2FOS_UNK_045,1,1,yes,当前详情卡/资产目录重建索引
OS_UNK_046,操作系统,HOS_0061,obsidian://open?vault=kaoyan-408-details&file=cards%2FOS_UNK_046,1,1,yes,当前详情卡/资产目录重建索引
OS_UNK_047,操作系统,HOS_0062,obsidian://open?vault=kaoyan-408-details&file=cards%2FOS_UNK_047,1,1,yes,当前详情卡/资产目录重建索引
OS_UNK_048,操作系统,HOS_0064,obsidian://open?vault=kaoyan-408-details&file=cards%2FOS_UNK_048,1,1,yes,当前详情卡/资产目录重建索引
OS_UNK_049,操作系统,HOS_0065,obsidian://open?vault=kaoyan-408-details&file=cards%2FOS_UNK_049,1,1,yes,当前详情卡/资产目录重建索引
OS_UNK_050,操作系统,HOS_0066,obsidian://open?vault=kaoyan-408-details&file=cards%2FOS_UNK_050,1,1,yes,当前详情卡/资产目录重建索引
OS_UNK_051,操作系统,HOS_0067,obsidian://open?vault=kaoyan-408-details&file=cards%2FOS_UNK_051,1,1,yes,当前详情卡/资产目录重建索引
OS_UNK_052,操作系统,HOS_0068,obsidian://open?vault=kaoyan-408-details&file=cards%2FOS_UNK_052,1,1,yes,当前详情卡/资产目录重建索引
OS_UNK_053,操作系统,HOS_0069,obsidian://open?vault=kaoyan-408-details&file=cards%2FOS_UNK_053,1,1,yes,当前详情卡/资产目录重建索引
OS_UNK_054,操作系统,HOS_0070,obsidian://open?vault=kaoyan-408-details&file=cards%2FOS_UNK_054,1,1,yes,当前详情卡/资产目录重建索引
OS_UNK_055,操作系统,HOS_0071,obsidian://open?vault=kaoyan-408-details&file=cards%2FOS_UNK_055,1,1,yes,当前详情卡/资产目录重建索引
OS_UNK_056,操作系统,HOS_0072,obsidian://open?vault=kaoyan-408-details&file=cards%2FOS_UNK_056,1,1,yes,当前详情卡/资产目录重建索引
OS_UNK_057,操作系统,HOS_0073,obsidian://open?vault=kaoyan-408-details&file=cards%2FOS_UNK_057,1,1,yes,当前详情卡/资产目录重建索引
OS_UNK_058,操作系统,HOS_0074,obsidian://open?vault=kaoyan-408-details&file=cards%2FOS_UNK_058,1,1,yes,当前详情卡/资产目录重建索引
OS_UNK_059,操作系统,HOS_0075,obsidian://open?vault=kaoyan-408-details&file=cards%2FOS_UNK_059,1,1,yes,当前详情卡/资产目录重建索引
OS_UNK_060,操作系统,HOS_0076,obsidian://open?vault=kaoyan-408-details&file=cards%2FOS_UNK_060,1,1,yes,当前详情卡/资产目录重建索引
OS_UNK_061,操作系统,HOS_0077,obsidian://open?vault=kaoyan-408-details&file=cards%2FOS_UNK_061,1,1,yes,当前详情卡/资产目录重建索引
OS_UNK_062,操作系统,HOS_0078,obsidian://open?vault=kaoyan-408-details&file=cards%2FOS_UNK_062,1,1,yes,当前详情卡/资产目录重建索引
OS_UNK_063,操作系统,HOS_0081,obsidian://open?vault=kaoyan-408-details&file=cards%2FOS_UNK_063,1,1,yes,当前详情卡/资产目录重建索引
OS_UNK_064,操作系统,HOS_0082,obsidian://open?vault=kaoyan-408-details&file=cards%2FOS_UNK_064,1,1,yes,当前详情卡/资产目录重建索引
OS_UNK_065,操作系统,HOS_0083,obsidian://open?vault=kaoyan-408-details&file=cards%2FOS_UNK_065,1,1,yes,当前详情卡/资产目录重建索引
OS_UNK_066,操作系统,HOS_0084,obsidian://open?vault=kaoyan-408-details&file=cards%2FOS_UNK_066,1,1,yes,当前详情卡/资产目录重建索引
OS_UNK_067,操作系统,HOS_0085,obsidian://open?vault=kaoyan-408-details&file=cards%2FOS_UNK_067,1,1,yes,当前详情卡/资产目录重建索引
OS_UNK_068,操作系统,HOS_0086,obsidian://open?vault=kaoyan-408-details&file=cards%2FOS_UNK_068,1,1,yes,当前详情卡/资产目录重建索引
OS_UNK_069,操作系统,HOS_0087,obsidian://open?vault=kaoyan-408-details&file=cards%2FOS_UNK_069,1,1,yes,当前详情卡/资产目录重建索引
OS_UNK_070,操作系统,HOS_0088,obsidian://open?vault=kaoyan-408-details&file=cards%2FOS_UNK_070,1,1,yes,当前详情卡/资产目录重建索引
OS_UNK_071,操作系统,HOS_0089,obsidian://open?vault=kaoyan-408-details&file=cards%2FOS_UNK_071,1,1,yes,当前详情卡/资产目录重建索引
OS_UNK_072,操作系统,HOS_0090,obsidian://open?vault=kaoyan-408-details&file=cards%2FOS_UNK_072,1,1,yes,当前详情卡/资产目录重建索引
OS_UNK_073,操作系统,HOS_0091,obsidian://open?vault=kaoyan-408-details&file=cards%2FOS_UNK_073,1,1,yes,当前详情卡/资产目录重建索引
OS_UNK_074,操作系统,HOS_0092,obsidian://open?vault=kaoyan-408-details&file=cards%2FOS_UNK_074,1,1,yes,当前详情卡/资产目录重建索引
OS_UNK_075,操作系统,HOS_0093,obsidian://open?vault=kaoyan-408-details&file=cards%2FOS_UNK_075,1,1,yes,当前详情卡/资产目录重建索引
OS_UNK_076,操作系统,HOS_0094,obsidian://open?vault=kaoyan-408-details&file=cards%2FOS_UNK_076,1,1,yes,当前详情卡/资产目录重建索引
OS_UNK_077,操作系统,HOS_0095,obsidian://open?vault=kaoyan-408-details&file=cards%2FOS_UNK_077,1,1,yes,当前详情卡/资产目录重建索引
OS_UNK_078,操作系统,HOS_0096,obsidian://open?vault=kaoyan-408-details&file=cards%2FOS_UNK_078,1,1,yes,当前详情卡/资产目录重建索引
OS_UNK_079,操作系统,HOS_0097,obsidian://open?vault=kaoyan-408-details&file=cards%2FOS_UNK_079,1,1,yes,当前详情卡/资产目录重建索引
OS_UNK_080,操作系统,HOS_0098,obsidian://open?vault=kaoyan-408-details&file=cards%2FOS_UNK_080,1,1,yes,当前详情卡/资产目录重建索引
OS_UNK_081,操作系统,HOS_0099,obsidian://open?vault=kaoyan-408-details&file=cards%2FOS_UNK_081,1,1,yes,当前详情卡/资产目录重建索引
OS_UNK_082,操作系统,HOS_0100,obsidian://open?vault=kaoyan-408-details&file=cards%2FOS_UNK_082,1,1,yes,当前详情卡/资产目录重建索引
OS_UNK_083,操作系统,HOS_0101,obsidian://open?vault=kaoyan-408-details&file=cards%2FOS_UNK_083,1,1,yes,当前详情卡/资产目录重建索引
OS_UNK_084,操作系统,HOS_0102,obsidian://open?vault=kaoyan-408-details&file=cards%2FOS_UNK_084,1,1,yes,当前详情卡/资产目录重建索引
OS_UNK_085,操作系统,HOS_0103,obsidian://open?vault=kaoyan-408-details&file=cards%2FOS_UNK_085,1,1,yes,当前详情卡/资产目录重建索引
OS_UNK_086,操作系统,HOS_0104,obsidian://open?vault=kaoyan-408-details&file=cards%2FOS_UNK_086,1,1,yes,当前详情卡/资产目录重建索引
OS_UNK_087,操作系统,HOS_0105,obsidian://open?vault=kaoyan-408-details&file=cards%2FOS_UNK_087,1,1,yes,当前详情卡/资产目录重建索引
OS_UNK_088,操作系统,HOS_0106,obsidian://open?vault=kaoyan-408-details&file=cards%2FOS_UNK_088,1,1,yes,当前详情卡/资产目录重建索引
OS_UNK_089,操作系统,HOS_0107,obsidian://open?vault=kaoyan-408-details&file=cards%2FOS_UNK_089,1,1,yes,当前详情卡/资产目录重建索引
OS_UNK_090,操作系统,HOS_0108,obsidian://open?vault=kaoyan-408-details&file=cards%2FOS_UNK_090,1,1,yes,当前详情卡/资产目录重建索引
OS_UNK_091,操作系统,HOS_0109,obsidian://open?vault=kaoyan-408-details&file=cards%2FOS_UNK_091,1,1,yes,当前详情卡/资产目录重建索引
OS_UNK_092,操作系统,HOS_0110,obsidian://open?vault=kaoyan-408-details&file=cards%2FOS_UNK_092,1,1,yes,当前详情卡/资产目录重建索引
OS_UNK_093,操作系统,HOS_0111,obsidian://open?vault=kaoyan-408-details&file=cards%2FOS_UNK_093,1,1,yes,当前详情卡/资产目录重建索引
OS_UNK_094,操作系统,HOS_0112,obsidian://open?vault=kaoyan-408-details&file=cards%2FOS_UNK_094,1,1,yes,当前详情卡/资产目录重建索引
OS_UNK_095,操作系统,HOS_0113,obsidian://open?vault=kaoyan-408-details&file=cards%2FOS_UNK_095,1,1,yes,当前详情卡/资产目录重建索引
OS_UNK_096,操作系统,HOS_0114,obsidian://open?vault=kaoyan-408-details&file=cards%2FOS_UNK_096,1,1,yes,当前详情卡/资产目录重建索引
OS_UNK_097,操作系统,HOS_0115,obsidian://open?vault=kaoyan-408-details&file=cards%2FOS_UNK_097,1,1,yes,当前详情卡/资产目录重建索引
OS_UNK_098,操作系统,HOS_0116,obsidian://open?vault=kaoyan-408-details&file=cards%2FOS_UNK_098,1,1,yes,当前详情卡/资产目录重建索引
OS_UNK_099,操作系统,HOS_0117,obsidian://open?vault=kaoyan-408-details&file=cards%2FOS_UNK_099,1,1,yes,当前详情卡/资产目录重建索引
OS_UNK_100,操作系统,HOS_0118,obsidian://open?vault=kaoyan-408-details&file=cards%2FOS_UNK_100,1,1,yes,当前详情卡/资产目录重建索引
OS_UNK_101,操作系统,HOS_0119,obsidian://open?vault=kaoyan-408-details&file=cards%2FOS_UNK_101,1,1,yes,当前详情卡/资产目录重建索引
OS_UNK_102,操作系统,HOS_0120,obsidian://open?vault=kaoyan-408-details&file=cards%2FOS_UNK_102,1,1,yes,当前详情卡/资产目录重建索引
OS_UNK_103,操作系统,HOS_0121,obsidian://open?vault=kaoyan-408-details&file=cards%2FOS_UNK_103,1,1,yes,当前详情卡/资产目录重建索引
OS_UNK_104,操作系统,HOS_0122,obsidian://open?vault=kaoyan-408-details&file=cards%2FOS_UNK_104,1,1,yes,当前详情卡/资产目录重建索引
OS_UNK_105,操作系统,HOS_0123,obsidian://open?vault=kaoyan-408-details&file=cards%2FOS_UNK_105,1,1,yes,当前详情卡/资产目录重建索引
OS_UNK_106,操作系统,HOS_0124,obsidian://open?vault=kaoyan-408-details&file=cards%2FOS_UNK_106,1,1,yes,当前详情卡/资产目录重建索引
OS_UNK_107,操作系统,HOS_0125,obsidian://open?vault=kaoyan-408-details&file=cards%2FOS_UNK_107,1,1,yes,当前详情卡/资产目录重建索引
OS_UNK_108,操作系统,HOS_0126,obsidian://open?vault=kaoyan-408-details&file=cards%2FOS_UNK_108,1,1,yes,当前详情卡/资产目录重建索引
OS_UNK_109,操作系统,HOS_0127,obsidian://open?vault=kaoyan-408-details&file=cards%2FOS_UNK_109,1,1,yes,当前详情卡/资产目录重建索引
OS_UNK_110,操作系统,HOS_0128,obsidian://open?vault=kaoyan-408-details&file=cards%2FOS_UNK_110,1,1,yes,当前详情卡/资产目录重建索引
OS_UNK_111,操作系统,HOS_0129,obsidian://open?vault=kaoyan-408-details&file=cards%2FOS_UNK_111,1,2,yes,当前详情卡/资产目录重建索引
OS_UNK_112,操作系统,HOS_0130,obsidian://open?vault=kaoyan-408-details&file=cards%2FOS_UNK_112,1,1,yes,当前详情卡/资产目录重建索引
OS_UNK_113,操作系统,HOS_0131,obsidian://open?vault=kaoyan-408-details&file=cards%2FOS_UNK_113,1,1,yes,当前详情卡/资产目录重建索引
OS_UNK_114,操作系统,HOS_0132,obsidian://open?vault=kaoyan-408-details&file=cards%2FOS_UNK_114,1,1,yes,当前详情卡/资产目录重建索引
OS_UNK_115,操作系统,HOS_0133,obsidian://open?vault=kaoyan-408-details&file=cards%2FOS_UNK_115,1,1,yes,当前详情卡/资产目录重建索引
OS_UNK_116,操作系统,HOS_0134,obsidian://open?vault=kaoyan-408-details&file=cards%2FOS_UNK_116,1,1,yes,当前详情卡/资产目录重建索引
OS_UNK_117,操作系统,HOS_0135,obsidian://open?vault=kaoyan-408-details&file=cards%2FOS_UNK_117,1,1,yes,当前详情卡/资产目录重建索引
OS_UNK_118,操作系统,HOS_0136,obsidian://open?vault=kaoyan-408-details&file=cards%2FOS_UNK_118,1,1,yes,当前详情卡/资产目录重建索引
OS_UNK_119,操作系统,HOS_0137,obsidian://open?vault=kaoyan-408-details&file=cards%2FOS_UNK_119,1,1,yes,当前详情卡/资产目录重建索引
OS_UNK_120,操作系统,HOS_0138,obsidian://open?vault=kaoyan-408-details&file=cards%2FOS_UNK_120,1,1,yes,当前详情卡/资产目录重建索引
OS_UNK_121,操作系统,VISUAL_PENDING,obsidian://open?vault=kaoyan-408-details&file=cards%2FOS_UNK_121,1,1,yes,2026-07-04 已补同题原扫描题图与独立解析图；正式并入或保留待确认
OS_UNK_122,操作系统,VISUAL_PENDING,obsidian://open?vault=kaoyan-408-details&file=cards%2FOS_UNK_122,1,1,yes,本地2009真题PDF恢复原扫描题图和独立解析图；正式来源ID待确认
